{
  "model": {
    "type": "minecraft:select",
    "property": "minecraft:component",    
    "component": "minecraft:custom_name",
    "fallback": {
      "type": "model",
      "model": "block/jigsaw"
    },
    "cases": [
      {"when": "%000000%","model":{"type":"model","model":"block/barrel/barrel_with_apple"}},
			{"when": "%000001%","model":{"type":"model","model":"block/barrel/barrel_with_beetroot"}},
			{"when": "%000002%","model":{"type":"model","model":"block/barrel/barrel_with_carrots"}},
			{"when": "%000003%","model":{"type":"model","model":"block/barrel/barrel_with_cod"}},
			{"when": "%000004%","model":{"type":"model","model":"block/barrel/barrel_with_glow_berries"}},
			{"when": "%000005%","model":{"type":"model","model":"block/barrel/barrel_with_hay"}},
			{"when": "%000006%","model":{"type":"model","model":"block/barrel/barrel_with_poisonous_potatoes"}},
			{"when": "%000007%","model":{"type":"model","model":"block/barrel/barrel_with_potatoes"}},
			{"when": "%000008%","model":{"type":"model","model":"block/barrel/barrel_with_salmon"}},
			{"when": "%000009%","model":{"type":"model","model":"block/barrel/barrel_with_sweet_berries"}},
			{"when": "%000010%","model":{"type":"model","model":"block/barrel/barrel_with_tropical_fish"}},
			{"when": "%000011%","model":{"type":"model","model":"block/barrel/barrel_with_gunpowder"}},
			{"when": "%000012%","model":{"type":"model","model":"block/barrel/barrel_with_fish"}},
			
			{"when": "%001000%","model":{"type":"model","model":"custom/globe"}},
			{"when": "%001001%","model":{"type":"model","model":"custom/compass_27"}},
			
			{"when": "%002000%","model":{"type":"model","model":"block/lantern/red_lantern"}},
			{"when": "%002001%","model":{"type":"model","model":"block/lantern/red_lantern_hanging"}},
			{"when": "%002002%","model":{"type":"model","model":"block/lantern/off_lantern"}},
			{"when": "%002003%","model":{"type":"model","model":"block/lantern/off_lantern_hanging"}},
			
			{"when": "%003000%","model":{"type":"model","model":"block/crate/1/acacia_crate"}},
			{"when": "%003001%","model":{"type":"model","model":"block/crate/1/bamboo_crate"}},
			{"when": "%003002%","model":{"type":"model","model":"block/crate/1/birch_crate"}},
			{"when": "%003003%","model":{"type":"model","model":"block/crate/1/cherry_crate"}},
			{"when": "%003004%","model":{"type":"model","model":"block/crate/1/crate"}},
			{"when": "%003005%","model":{"type":"model","model":"block/crate/1/crimson_crate"}},
			{"when": "%003006%","model":{"type":"model","model":"block/crate/1/dark_oak_crate"}},
			{"when": "%003007%","model":{"type":"model","model":"block/crate/1/jungle_crate"}},
			{"when": "%003008%","model":{"type":"model","model":"block/crate/1/mangrove_crate"}},
			{"when": "%003009%","model":{"type":"model","model":"block/crate/1/oak_crate"}},
			{"when": "%003010%","model":{"type":"model","model":"block/crate/1/pale_oak_crate"}},
			{"when": "%003011%","model":{"type":"model","model":"block/crate/1/spruce_crate"}},
			{"when": "%003012%","model":{"type":"model","model":"block/crate/1/warped_crate"}},
			
			{"when": "%004000%","model":{"type":"model","model":"block/crate/2/acacia_crate"}},
			{"when": "%004001%","model":{"type":"model","model":"block/crate/2/bamboo_crate"}},
			{"when": "%004002%","model":{"type":"model","model":"block/crate/2/birch_crate"}},
			{"when": "%004003%","model":{"type":"model","model":"block/crate/2/cherry_crate"}},
			{"when": "%004004%","model":{"type":"model","model":"block/crate/2/crimson_crate"}},
			{"when": "%004005%","model":{"type":"model","model":"block/crate/2/dark_oak_crate"}},
			{"when": "%004006%","model":{"type":"model","model":"block/crate/2/jungle_crate"}},
			{"when": "%004007%","model":{"type":"model","model":"block/crate/2/mangrove_crate"}},
			{"when": "%004008%","model":{"type":"model","model":"block/crate/2/oak_crate"}},
			{"when": "%004009%","model":{"type":"model","model":"block/crate/2/pale_oak_crate"}},
			{"when": "%004010%","model":{"type":"model","model":"block/crate/2/spruce_crate"}},
			{"when": "%004011%","model":{"type":"model","model":"block/crate/2/warped_crate"}}
    ]
  }
}