{
    "providers": [
        {
            "type": "bitmap",
            "file": "minecraft:font/logo.png",
            "ascent": 0,
            "height": 30,
            "chars": [
                "\uE003" // логотип в ТАБ'е
            ]
        },
		{
            "type": "bitmap",
            "file": "minecraft:font/dark.png",
            "ascent": 128,
            "height": 256,
            "chars": [
				"\uE000" // затемнение экрана
			]
        },
		{
            "type": "bitmap",
            "file": "minecraft:font/anti-cheat_insert.png",
            "ascent": 128,
            "height": 700,
            "chars": [
				"\uE001" // вставка анти-чита
			]
        },
		{
            "type": "bitmap",
            "file": "minecraft:font/logo_bossbar.png",
            "ascent": 9,
            "height": 52,
            "chars": [
				"\uE002" // логотип bossbar'e
			]
        }
    ]
}